{"cameraMode":{"drawMode":0,"name":"Shaded","section":"Shading Mode"},"sceneLighting":false,"audioPlay":false,"sceneViewState":{"showFog":true,"showMaterialUpdate":false,"showSkybox":false,"showFlares":true,"showImageEffects":true,"showParticleSystems":true,"showVisualEffectGraphs":true,"m_FxEnabled":true},"in2DMode":false,"pivot":{"x":1.6299999952316285,"y":0.12800000607967378,"z":0.9200000166893005},"rotation":{"x":0.42720940709114077,"y":-0.24691607058048249,"z":0.12265157699584961,"w":0.8612775802612305},"size":1.3168087005615235,"orthographic":false}